[{
        "id": 151,
        "title": "Una prueba local",
        "content": "{\"blocks\":[{\"key\":\"4topf\",\"text\":\"una prueba local\",\"type\":\"unstyled\",\"depth\":0,\"inlineStyleRanges\":[],\"entityRanges\":[],\"data\":{}}],\"entityMap\":{}}",
        "created_at": "2019-01-31T11:58:56.036Z",
        "updated_at": "2019-01-31T11:58:56.036Z"
    },
    {
        "id": 153,
        "title": "una prueba localhost:3000",
        "content": "{\"blocks\":[{\"key\":\"2bple\",\"text\":\"RAMMSTEIN!\",\"type\":\"header-two\",\"depth\":0,\"inlineStyleRanges\":[],\"entityRanges\":[],\"data\":{}}],\"entityMap\":{}}",
        "created_at": "2019-01-31T12:13:50.293Z",
        "updated_at": "2019-01-31T12:13:50.293Z"
    },
    {
        "id": 154,
        "title": "trulala",
        "content": "{\"blocks\":[{\"key\":\"4i0j4\",\"text\":\"TRULALA EAMEOOO!\",\"type\":\"header-three\",\"depth\":0,\"inlineStyleRanges\":[{\"offset\":0,\"length\":16,\"style\":\"UNDERLINE\"}],\"entityRanges\":[],\"data\":{}}],\"entityMap\":{}}",
        "created_at": "2019-01-31T12:15:25.183Z",
        "updated_at": "2019-01-31T12:15:25.183Z"
    }
]